Afghanistan,Islam,Asia,Pashto,AFG,43 Million
Albania,Islam,Europe,Albanian,ALB,2.8 Million
Algeria,Islam,Africa,Arabic,DZA,47 Million
Argentina,Christianity,South America,Spanish,ARG,46 Million
Australia,Christianity,Oceania,English,AUS,26 Million
Brazil,Christianity,South America,Portuguese,BRA,214 Million
Canada,Christianity,North America,English,CAN,39 Million
China,Buddhism,Asia,Mandarin,CHN,1.4 Billion
Egypt,Islam,Africa,Arabic,EGY,112 Million
Ethiopia,Christianity,Africa,Amharic,ETH,138 Million
France,Christianity,Europe,French,FRA,68 Million
Germany,Christianity,Europe,German,DEU,84 Million
India,Hinduism,Asia,Hindi,IND,1.4 Billion
Indonesia,Islam,Asia,Indonesian,IDN,287 Million
Italy,Christianity,Europe,Italian,ITA,59 Million
Japan,Shintoism,Asia,Japanese,JPN,123 Million
Kenya,Christianity,Africa,Swahili,KEN,57 Million
Mexico,Christianity,North America,Spanish,MEX,132 Million
Nigeria,Islam,Africa,English,NGA,242 Million
Pakistan,Islam,Asia,Urdu,PAK,259 Million
Russia,Christianity,Europe,Russian,RUS,143 Million
South Africa,Christianity,Africa,Zulu,ZAF,61 Million
South Korea,Christianity,Asia,Korean,KOR,51 Million
Thailand,Buddhism,Asia,Thai,THA,71 Million
United Kingdom,Christianity,Europe,English,GBR,68 Million
United States,Christianity,North America,English,USA,349 Million
Vietnam,Buddhism,Asia,Vietnamese,VNM,100 Million
